Model,Test Accuracy,Cross-Validation Mean
Random Forest,0.9814814814814815,0.8111111111111111
SVM,0.9074074074074074,0.8222222222222222
