algorithm,run,cost,param_error_%,time_s,best_params
PSO,1,0.001530105879050551,5.177427153292134,10.838069438934326,"[2.47152586e+00 1.81496067e+00 8.33395982e-03 7.67620546e-03
 1.78245387e-01 1.97206251e-02 8.72716324e-04]"
PSO,2,0.0006251788928772166,6.349442178242783,10.66871690750122,"[2.44433280e+00 1.82830148e+00 8.98778943e-03 6.95970920e-03
 1.82650146e-01 2.00302841e-02 9.14050166e-04]"
PSO,3,3.3462400356506e-06,4.818013177913444,11.113202333450317,"[2.44979003e+00 1.85165574e+00 6.89469807e-03 9.20054520e-03
 2.02554750e-01 2.00056026e-02 9.65362886e-04]"
GWO,1,0.05162552165834599,3.268049730952188,12.512458562850952,"[2.45233126e+00 1.69902271e+00 8.27671386e-03 7.86875017e-03
 2.05002181e-01 1.92487539e-02 1.05781893e-03]"
GWO,2,0.05917124975702971,3.743605268095064,12.137176752090454,"[2.26308247e+00 1.93283087e+00 8.45051302e-03 7.81004168e-03
 2.06513990e-01 2.04790592e-02 9.91754409e-04]"
GWO,3,0.0006619089690132532,1.744713822178242,11.56352972984314,"[2.42157275e+00 1.86443988e+00 7.83448563e-03 8.16172589e-03
 2.06895564e-01 2.03304643e-02 1.01508918e-03]"
