Model,Validation Accuracy
Random Forest,0.9888888888888889
SVM,0.9277777777777778
MLP,0.9777777777777777
KNN,0.9888888888888889
